blur,5/22/2017,0
load,5/22/2017,20.465000000000146
pageshow,5/22/2017,20.795000000000073
devicemotion,5/22/2017,23.534999999999854
deviceorientation,5/22/2017,23.76000000000022
deviceorientationabsolute,5/22/2017,23.925000000000182
focus,5/22/2017,151.84500000000025
pointerover,5/22/2017,173.75
mouseover,5/22/2017,166.42500000000018
pointermove,5/22/2017,173.74500000000035
mousemove,5/22/2017,166.42500000000018
pointermove,5/22/2017,373.0350000000003
mousemove,5/22/2017,370.27499999999964
pointermove,5/22/2017,388.9300000000003
mousemove,5/22/2017,387.4699999999998
pointermove,5/22/2017,405.1100000000001
mousemove,5/22/2017,404.24000000000024
pointermove,5/22/2017,422.00499999999965
mousemove,5/22/2017,421.05999999999995
pointerout,5/22/2017,439.2449999999999
pointerover,5/22/2017,439.37999999999965
mouseout,5/22/2017,438.3850000000002
mouseover,5/22/2017,438.3850000000002
pointermove,5/22/2017,439.2449999999999
mousemove,5/22/2017,438.3850000000002
pointermove,5/22/2017,456.5250000000001
mousemove,5/22/2017,455.55999999999995
pointermove,5/22/2017,473.60000000000036
mousemove,5/22/2017,472.625
pointermove,5/22/2017,490.1750000000002
mousemove,5/22/2017,489.4549999999999
pointermove,5/22/2017,506.9699999999998
mousemove,5/22/2017,506.3449999999998
pointermove,5/22/2017,524.0349999999999
mousemove,5/22/2017,523.125
pointermove,5/22/2017,541.2150000000001
mousemove,5/22/2017,540.3649999999998
pointermove,5/22/2017,558.4899999999998
mousemove,5/22/2017,557.665
pointermove,5/22/2017,576.145
mousemove,5/22/2017,575.145
pointermove,5/22/2017,592.8599999999997
mousemove,5/22/2017,592.2350000000001
pointermove,5/22/2017,609.94
mousemove,5/22/2017,609.1950000000002
pointermove,5/22/2017,627.0299999999997
mousemove,5/22/2017,625.935
pointermove,5/22/2017,643.98
mousemove,5/22/2017,642.69
pointermove,5/22/2017,660.5
mousemove,5/22/2017,659.7599999999998
pointermove,5/22/2017,677.9749999999999
mousemove,5/22/2017,677.2149999999997
pointermove,5/22/2017,695.7150000000001
mousemove,5/22/2017,694.5749999999998
pointermove,5/22/2017,713.0149999999999
mousemove,5/22/2017,711.9699999999998
pointermove,5/22/2017,730.185
mousemove,5/22/2017,729.0450000000001
pointermove,5/22/2017,747.0900000000001
mousemove,5/22/2017,746.0050000000001
pointermove,5/22/2017,764.46
mousemove,5/22/2017,763.335
pointermove,5/22/2017,781.5999999999999
mousemove,5/22/2017,780.6999999999998
pointermove,5/22/2017,798.2849999999999
mousemove,5/22/2017,797.355
pointermove,5/22/2017,815.5550000000003
mousemove,5/22/2017,814.77
pointermove,5/22/2017,832.6100000000001
mousemove,5/22/2017,831.8899999999999
pointermove,5/22/2017,849.9000000000001
mousemove,5/22/2017,849.1400000000003
pointermove,5/22/2017,868.2199999999998
mousemove,5/22/2017,866.98
pointermove,5/22/2017,996.4850000000001
mousemove,5/22/2017,995.1549999999997
pointermove,5/22/2017,1012.9700000000003
mousemove,5/22/2017,1012.06
pointermove,5/22/2017,1029.835
mousemove,5/22/2017,1029.0549999999998
pointermove,5/22/2017,1047.1399999999999
mousemove,5/22/2017,1046.295
pointermove,5/22/2017,1064.8200000000002
mousemove,5/22/2017,1063.6599999999999
pointermove,5/22/2017,1081.65
mousemove,5/22/2017,1080.3700000000003
pointermove,5/22/2017,1098.625
mousemove,5/22/2017,1097.69
pointermove,5/22/2017,1115.755
mousemove,5/22/2017,1114.94
pointermove,5/22/2017,1132.46
mousemove,5/22/2017,1131.625
pointermove,5/22/2017,1149.7800000000002
mousemove,5/22/2017,1148.5899999999997
pointermove,5/22/2017,1171.29
mousemove,5/22/2017,1170.2199999999998
pointerdown,5/22/2017,1480.205
mousedown,5/22/2017,1477.3400000000001
pointerup,5/22/2017,1581.8400000000001
mouseup,5/22/2017,1580.085
click,5/22/2017,1580.085
pointermove,5/22/2017,1834.38
mousemove,5/22/2017,1832.9500000000003
pointermove,5/22/2017,1851.1599999999999
mousemove,5/22/2017,1849.96
pointermove,5/22/2017,1867.8200000000002
mousemove,5/22/2017,1867.04
pointermove,5/22/2017,1885.1150000000002
mousemove,5/22/2017,1884.25
pointermove,5/22/2017,1901.975
mousemove,5/22/2017,1901.12
pointermove,5/22/2017,1918.8200000000002
mousemove,5/22/2017,1917.96
pointermove,5/22/2017,1936.205
mousemove,5/22/2017,1934.915
pointermove,5/22/2017,1953.1
mousemove,5/22/2017,1951.6150000000002
pointermove,5/22/2017,1969.67
mousemove,5/22/2017,1968.505
pointermove,5/22/2017,2001.44
mousemove,5/22/2017,2000.27
pointerdown,5/22/2017,2024.4300000000003
mousedown,5/22/2017,2022.6350000000007
pointerup,5/22/2017,2190.3050000000003
mouseup,5/22/2017,2188.7299999999996
click,5/22/2017,2188.7299999999996
pointermove,5/22/2017,2315.8500000000004
mousemove,5/22/2017,2314.795
pointermove,5/22/2017,2332.4900000000007
mousemove,5/22/2017,2331.4850000000006
pointermove,5/22/2017,2349.3100000000004
mousemove,5/22/2017,2348.3900000000003
pointermove,5/22/2017,2365.9700000000003
mousemove,5/22/2017,2365.1099999999997
pointermove,5/22/2017,2382.71
mousemove,5/22/2017,2381.8149999999996
pointermove,5/22/2017,2399.8999999999996
mousemove,5/22/2017,2399
pointermove,5/22/2017,2417.3149999999996
mousemove,5/22/2017,2416.5149999999994
pointerdown,5/22/2017,2521.75
mousedown,5/22/2017,2520.5300000000007
pointerup,5/22/2017,2648.17
mouseup,5/22/2017,2647.0250000000005
click,5/22/2017,2647.0250000000005
pointermove,5/22/2017,2775.0750000000007
mousemove,5/22/2017,2773.6800000000003
pointermove,5/22/2017,2791.365
mousemove,5/22/2017,2790.425
pointermove,5/22/2017,2808.5300000000007
mousemove,5/22/2017,2807.375
pointermove,5/22/2017,2825.6850000000004
mousemove,5/22/2017,2824.495
pointermove,5/22/2017,2842.9750000000004
mousemove,5/22/2017,2841.8100000000004
pointermove,5/22/2017,2860.2200000000003
mousemove,5/22/2017,2859.3100000000004
pointermove,5/22/2017,2877.0350000000008
mousemove,5/22/2017,2876.0150000000003
pointermove,5/22/2017,2893.6400000000003
mousemove,5/22/2017,2892.96
pointermove,5/22/2017,2911.535
mousemove,5/22/2017,2910.7650000000003
pointermove,5/22/2017,2928.875
mousemove,5/22/2017,2928.040000000001
pointermove,5/22/2017,2945.51
mousemove,5/22/2017,2944.785
pointerdown,5/22/2017,2964.380000000001
mousedown,5/22/2017,2963.3100000000004
pointerup,5/22/2017,3074.9850000000006
mouseup,5/22/2017,3073.8900000000003
click,5/22/2017,3073.8900000000003
pointermove,5/22/2017,3193.55
mousemove,5/22/2017,3192.6400000000003
pointermove,5/22/2017,3210.4850000000006
mousemove,5/22/2017,3209.63
pointermove,5/22/2017,3227.9700000000003
mousemove,5/22/2017,3226.7649999999994
pointermove,5/22/2017,3245.1400000000003
mousemove,5/22/2017,3243.9900000000007
pointermove,5/22/2017,3261.92
mousemove,5/22/2017,3261.1950000000006
pointermove,5/22/2017,3279.1949999999997
mousemove,5/22/2017,3278.290000000001
pointermove,5/22/2017,3295.995
mousemove,5/22/2017,3295.1150000000007
pointermove,5/22/2017,3313.3900000000003
mousemove,5/22/2017,3311.965
pointerdown,5/22/2017,3351.285
mousedown,5/22/2017,3350.3650000000007
pointerup,5/22/2017,3478.7299999999996
mouseup,5/22/2017,3477.175
click,5/22/2017,3477.175
pointermove,5/22/2017,3564.96
mousemove,5/22/2017,3564.0700000000006
pointermove,5/22/2017,3581.715
mousemove,5/22/2017,3580.8100000000004
pointermove,5/22/2017,3598.9300000000003
mousemove,5/22/2017,3597.79
pointermove,5/22/2017,3615.8650000000007
mousemove,5/22/2017,3614.7349999999997
pointermove,5/22/2017,3633.0950000000003
mousemove,5/22/2017,3631.915000000001
pointermove,5/22/2017,3650.455
mousemove,5/22/2017,3649.38
pointermove,5/22/2017,3667.580000000001
mousemove,5/22/2017,3666.7200000000003
pointermove,5/22/2017,3693.04
mousemove,5/22/2017,3691.96
pointerdown,5/22/2017,3739.09
mousedown,5/22/2017,3737.92
pointerup,5/22/2017,3865.540000000001
mouseup,5/22/2017,3864.4450000000006
click,5/22/2017,3864.4450000000006
pointerdown,5/22/2017,3992.505
mousedown,5/22/2017,3991.1550000000007
pointerup,5/22/2017,4102.465
mouseup,5/22/2017,4101.57
click,5/22/2017,4101.57
dblclick,5/22/2017,4102.7300000000005
pointerdown,5/22/2017,4214.3
mousedown,5/22/2017,4212.655
pointerup,5/22/2017,4343.755
mouseup,5/22/2017,4322.76
click,5/22/2017,4322.76
pointerdown,5/22/2017,4419.045
mousedown,5/22/2017,4417.9800000000005
pointerup,5/22/2017,4537.465
mouseup,5/22/2017,4536.285000000001
click,5/22/2017,4536.285000000001
pointerdown,5/22/2017,4632.355
mousedown,5/22/2017,4631.32
pointerup,5/22/2017,4751.49
mouseup,5/22/2017,4750.1
click,5/22/2017,4750.1
pointermove,5/22/2017,4988.025000000001
mousemove,5/22/2017,4986.900000000001
pointermove,5/22/2017,5004.375
mousemove,5/22/2017,5003.630000000001
pointermove,5/22/2017,5021.3
mousemove,5/22/2017,5020.545000000001
pointermove,5/22/2017,5038.53
mousemove,5/22/2017,5037.635
pointermove,5/22/2017,5055.375
mousemove,5/22/2017,5054.3150000000005
pointermove,5/22/2017,5072.5650000000005
mousemove,5/22/2017,5071.535
pointermove,5/22/2017,5089.835
mousemove,5/22/2017,5088.93
pointermove,5/22/2017,5107.120000000001
mousemove,5/22/2017,5106.325000000001
pointermove,5/22/2017,5124.185
mousemove,5/22/2017,5123.34
pointermove,5/22/2017,5141.740000000001
mousemove,5/22/2017,5140.525000000001
pointermove,5/22/2017,5159.4400000000005
mousemove,5/22/2017,5158.27
pointerdown,5/22/2017,5203.22
mousedown,5/22/2017,5200.41
pointermove,5/22/2017,5203.705000000001
mousemove,5/22/2017,5200.41
pointerup,5/22/2017,5327.805
mouseup,5/22/2017,5326.740000000001
click,5/22/2017,5326.740000000001
pointermove,5/22/2017,5423.935
mousemove,5/22/2017,5421.74
pointermove,5/22/2017,5440.775000000001
mousemove,5/22/2017,5438.9800000000005
pointermove,5/22/2017,5458.525000000001
mousemove,5/22/2017,5455.835000000001
pointermove,5/22/2017,5473.39
mousemove,5/22/2017,5472.665000000001
pointermove,5/22/2017,5490.840000000001
mousemove,5/22/2017,5490.025000000001
pointermove,5/22/2017,5507.625
mousemove,5/22/2017,5506.85
pointermove,5/22/2017,5525.39
mousemove,5/22/2017,5524.225
pointermove,5/22/2017,5542.52
mousemove,5/22/2017,5541.7
pointermove,5/22/2017,5560.500000000001
mousemove,5/22/2017,5559.34
pointermove,5/22/2017,5577.715000000001
mousemove,5/22/2017,5576.56
pointerdown,5/22/2017,5659.780000000001
mousedown,5/22/2017,5658.665
pointerup,5/22/2017,5810.13
mouseup,5/22/2017,5809.06
click,5/22/2017,5809.06
pointermove,5/22/2017,5889.1050000000005
mousemove,5/22/2017,5888.110000000001
pointermove,5/22/2017,5905.820000000001
mousemove,5/22/2017,5904.985000000001
pointermove,5/22/2017,5922.495000000001
mousemove,5/22/2017,5921.675000000001
pointermove,5/22/2017,5939.670000000001
mousemove,5/22/2017,5938.545000000001
pointermove,5/22/2017,5956.905000000001
mousemove,5/22/2017,5955.790000000001
pointermove,5/22/2017,5974.375000000001
mousemove,5/22/2017,5973.215
pointermove,5/22/2017,5990.915000000001
mousemove,5/22/2017,5990.005
pointermove,5/22/2017,6007.685
mousemove,5/22/2017,6006.765
pointermove,5/22/2017,6024.405000000001
mousemove,5/22/2017,6023.610000000001
pointermove,5/22/2017,6041.804999999999
mousemove,5/22/2017,6040.635000000001
pointermove,5/22/2017,6058.955000000001
mousemove,5/22/2017,6057.780000000001
pointermove,5/22/2017,6075.724999999999
mousemove,5/22/2017,6074.910000000001
pointermove,5/22/2017,6092.820000000001
mousemove,5/22/2017,6091.970000000001
pointermove,5/22/2017,6110.71
mousemove,5/22/2017,6109.45
pointermove,5/22/2017,6127.320000000001
mousemove,5/22/2017,6126.280000000001
pointermove,5/22/2017,6143.870000000001
mousemove,5/22/2017,6143.030000000001
pointermove,5/22/2017,6161.594999999999
mousemove,5/22/2017,6160.075000000001
pointermove,5/22/2017,6178.085000000001
mousemove,5/22/2017,6177.43
pointermove,5/22/2017,6195.275
mousemove,5/22/2017,6194.625
pointerout,5/22/2017,6212.35
pointerover,5/22/2017,6212.5250000000015
mouseout,5/22/2017,6211.5700000000015
mouseover,5/22/2017,6211.5700000000015
pointermove,5/22/2017,6212.345000000001
mousemove,5/22/2017,6211.5700000000015
pointermove,5/22/2017,6229.5650000000005
mousemove,5/22/2017,6228.365
pointermove,5/22/2017,6247.295
mousemove,5/22/2017,6246.24
pointerout,5/22/2017,6264.52
pointerover,5/22/2017,6264.715
mouseout,5/22/2017,6263.450000000001
mouseover,5/22/2017,6263.450000000001
pointermove,5/22/2017,6264.515000000001
mousemove,5/22/2017,6263.450000000001
pointermove,5/22/2017,6281.4450000000015
mousemove,5/22/2017,6280.740000000002
pointermove,5/22/2017,6298.59
mousemove,5/22/2017,6297.74
pointermove,5/22/2017,6315.535
mousemove,5/22/2017,6314.635
pointermove,5/22/2017,6332.865000000002
mousemove,5/22/2017,6332.0250000000015
pointermove,5/22/2017,6545.095000000001
mousemove,5/22/2017,6544.280000000001
pointermove,5/22/2017,6562.045
mousemove,5/22/2017,6561.27
pointermove,5/22/2017,6578.68
mousemove,5/22/2017,6578.035000000002
pointermove,5/22/2017,6595.9349999999995
mousemove,5/22/2017,6595.210000000001
pointermove,5/22/2017,6613.3150000000005
mousemove,5/22/2017,6612.5
pointermove,5/22/2017,6630.310000000001
mousemove,5/22/2017,6629.455000000002
pointermove,5/22/2017,6647.120000000001
mousemove,5/22/2017,6646.26
pointermove,5/22/2017,6664.16
mousemove,5/22/2017,6662.995000000001
pointerout,5/22/2017,6680.85
pointerover,5/22/2017,6681.105
mouseout,5/22/2017,6679.855000000001
mouseover,5/22/2017,6679.855000000001
pointermove,5/22/2017,6680.845000000001
mousemove,5/22/2017,6679.855000000001
pointermove,5/22/2017,6697.830000000002
mousemove,5/22/2017,6696.92
pointermove,5/22/2017,6715.015000000001
mousemove,5/22/2017,6714.135
pointermove,5/22/2017,6732.610000000001
mousemove,5/22/2017,6731.8150000000005
pointermove,5/22/2017,6750.0650000000005
mousemove,5/22/2017,6749.130000000001
pointermove,5/22/2017,6767.805
mousemove,5/22/2017,6766.665000000001
pointermove,5/22/2017,7083.245000000001
mousemove,5/22/2017,7082.135
pointerdown,5/22/2017,7288.795
mousedown,5/22/2017,7287.5650000000005
pointerup,5/22/2017,7431.355000000001
mouseup,5/22/2017,7430.030000000001
click,5/22/2017,7430.030000000001
pointerdown,5/22/2017,8806.505000000001
mousedown,5/22/2017,8805.380000000001
pointerup,5/22/2017,8973.155
mouseup,5/22/2017,8971.55
click,5/22/2017,8971.55
pointerdown,5/22/2017,10221.510000000002
mousedown,5/22/2017,10220.570000000002
pointerup,5/22/2017,10380.970000000001
mouseup,5/22/2017,10378.415
click,5/22/2017,10378.415
pointermove,5/22/2017,11319.950000000003
mousemove,5/22/2017,11318.93
pointermove,5/22/2017,11352.640000000001
mousemove,5/22/2017,11351.950000000003
pointermove,5/22/2017,11377.19
mousemove,5/22/2017,11375.600000000002
pointermove,5/22/2017,11395.545000000002
mousemove,5/22/2017,11392.545000000002
pointermove,5/22/2017,11410.565
mousemove,5/22/2017,11409.570000000002
pointerout,5/22/2017,11427.685000000001
pointerover,5/22/2017,11427.855
mouseout,5/22/2017,11426.82
mouseover,5/22/2017,11426.82
pointermove,5/22/2017,11427.680000000002
mousemove,5/22/2017,11426.82
pointermove,5/22/2017,11446.015000000001
mousemove,5/22/2017,11443.985
pointermove,5/22/2017,11462.065
mousemove,5/22/2017,11460.830000000002
pointermove,5/22/2017,11478.7
mousemove,5/22/2017,11477.700000000003
pointermove,5/22/2017,11495.215000000002
mousemove,5/22/2017,11494.305
pointermove,5/22/2017,11512.12
mousemove,5/22/2017,11511.080000000002
pointermove,5/22/2017,11528.945000000002
mousemove,5/22/2017,11527.85
pointermove,5/22/2017,11546.125000000002
mousemove,5/22/2017,11544.89
pointerout,5/22/2017,11562.15
pointerover,5/22/2017,11562.320000000002
mouseout,5/22/2017,11561.45
mouseover,5/22/2017,11561.45
pointermove,5/22/2017,11562.145
mousemove,5/22/2017,11561.45
pointermove,5/22/2017,11579.300000000001
mousemove,5/22/2017,11578.140000000001
pointermove,5/22/2017,11595.62
mousemove,5/22/2017,11594.855
pointermove,5/22/2017,11612.615000000002
mousemove,5/22/2017,11611.625000000002
pointerout,5/22/2017,11629.91
pointerover,5/22/2017,11630.085000000001
mouseout,5/22/2017,11629.1
mouseover,5/22/2017,11629.1
pointermove,5/22/2017,11629.905
mousemove,5/22/2017,11629.1
pointermove,5/22/2017,11646.74
mousemove,5/22/2017,11645.965000000002
pointermove,5/22/2017,11666.055000000002
mousemove,5/22/2017,11663.130000000001
pointermove,5/22/2017,11683.505000000001
mousemove,5/22/2017,11679.995
pointermove,5/22/2017,11700.165
mousemove,5/22/2017,11697.29
pointermove,5/22/2017,11716.130000000001
mousemove,5/22/2017,11714.055000000002
pointermove,5/22/2017,11732.650000000001
mousemove,5/22/2017,11731.035000000002
pointermove,5/22/2017,11749.345000000001
mousemove,5/22/2017,11747.980000000001
pointermove,5/22/2017,11766.545
mousemove,5/22/2017,11765.045
pointermove,5/22/2017,11783.470000000001
mousemove,5/22/2017,11782.11
pointermove,5/22/2017,11800.005000000001
mousemove,5/22/2017,11798.725
pointermove,5/22/2017,11816.910000000002
mousemove,5/22/2017,11815.500000000002
pointermove,5/22/2017,11833.95
mousemove,5/22/2017,11832.570000000002
pointermove,5/22/2017,11850.735
mousemove,5/22/2017,11849.715
pointermove,5/22/2017,11868.155
mousemove,5/22/2017,11867.36
pointermove,5/22/2017,11885.465000000002
mousemove,5/22/2017,11884.6
pointermove,5/22/2017,11902.730000000001
mousemove,5/22/2017,11901.990000000002
pointermove,5/22/2017,11919.925000000001
mousemove,5/22/2017,11919.12
pointermove,5/22/2017,11936.545
mousemove,5/22/2017,11935.750000000002
pointermove,5/22/2017,11953.980000000001
mousemove,5/22/2017,11953.225
pointermove,5/22/2017,11971.7
mousemove,5/22/2017,11970.965
pointermove,5/22/2017,11989.6
mousemove,5/22/2017,11988.765
pointermove,5/22/2017,12006.640000000001
mousemove,5/22/2017,12005.490000000002
pointermove,5/22/2017,12023.225000000002
mousemove,5/22/2017,12022.19
pointermove,5/22/2017,12040.595000000001
mousemove,5/22/2017,12039.805
pointermove,5/22/2017,12057.93
mousemove,5/22/2017,12057.125
pointermove,5/22/2017,12074.660000000002
mousemove,5/22/2017,12073.935000000001
pointermove,5/22/2017,12126.395000000002
mousemove,5/22/2017,12125.410000000002
pointermove,5/22/2017,12166.580000000002
mousemove,5/22/2017,12164.82
pointermove,5/22/2017,12183.825000000003
mousemove,5/22/2017,12181.84
pointermove,5/22/2017,12206.66
mousemove,5/22/2017,12205.875
pointerout,5/22/2017,12223.945000000002
pointerover,5/22/2017,12224.065
mouseout,5/22/2017,12223.215
mouseover,5/22/2017,12223.215
pointermove,5/22/2017,12223.945000000002
mousemove,5/22/2017,12223.215
pointermove,5/22/2017,12241.265000000001
mousemove,5/22/2017,12240.480000000001
pointermove,5/22/2017,12258
mousemove,5/22/2017,12257.220000000001
pointermove,5/22/2017,12276.425000000001
mousemove,5/22/2017,12274.815000000002
pointermove,5/22/2017,12292.86
mousemove,5/22/2017,12291.595000000001
pointermove,5/22/2017,12310.140000000001
mousemove,5/22/2017,12308.395
pointermove,5/22/2017,12877.345000000001
mousemove,5/22/2017,12876.45
pointermove,5/22/2017,12894.29
mousemove,5/22/2017,12893.630000000001
pointermove,5/22/2017,12911.375
mousemove,5/22/2017,12910.710000000001
pointerout,5/22/2017,12928.430000000002
pointerover,5/22/2017,12928.550000000001
mouseout,5/22/2017,12927.770000000002
mouseover,5/22/2017,12927.770000000002
pointermove,5/22/2017,12928.425000000001
mousemove,5/22/2017,12927.770000000002
pointermove,5/22/2017,12945.490000000002
mousemove,5/22/2017,12944.770000000002
pointermove,5/22/2017,12962.25
mousemove,5/22/2017,12961.460000000003
pointermove,5/22/2017,12979.050000000001
mousemove,5/22/2017,12978.255000000001
pointermove,5/22/2017,12996.515000000001
mousemove,5/22/2017,12995.27
pointermove,5/22/2017,13013.920000000002
mousemove,5/22/2017,13012.800000000001
pointermove,5/22/2017,13030.720000000001
mousemove,5/22/2017,13029.58
pointermove,5/22/2017,13047.045
mousemove,5/22/2017,13046.320000000002
pointermove,5/22/2017,13064.090000000002
mousemove,5/22/2017,13063.100000000002
pointermove,5/22/2017,13081.37
mousemove,5/22/2017,13080.545
pointermove,5/22/2017,13098.435000000001
mousemove,5/22/2017,13097.435
pointermove,5/22/2017,13116.175000000001
mousemove,5/22/2017,13115.385
pointermove,5/22/2017,13132.535
mousemove,5/22/2017,13131.685
pointermove,5/22/2017,13194.210000000001
mousemove,5/22/2017,13192.855000000001
pointermove,5/22/2017,13423.480000000001
mousemove,5/22/2017,13422.145000000002
pointerout,5/22/2017,13439.685
pointerover,5/22/2017,13439.82
mouseout,5/22/2017,13438.98
mouseover,5/22/2017,13438.98
pointermove,5/22/2017,13439.685
mousemove,5/22/2017,13438.98
pointermove,5/22/2017,13456.67
mousemove,5/22/2017,13455.980000000001
pointermove,5/22/2017,13473.850000000002
mousemove,5/22/2017,13473.130000000001
pointermove,5/22/2017,13490.695000000002
mousemove,5/22/2017,13489.93
pointermove,5/22/2017,13510.49
mousemove,5/22/2017,13509.87
pointermove,5/22/2017,13527.910000000002
mousemove,5/22/2017,13527.235
pointermove,5/22/2017,13834.680000000002
mousemove,5/22/2017,13833.300000000001
pointermove,5/22/2017,13866.745
mousemove,5/22/2017,13865.880000000001
pointermove,5/22/2017,13883.760000000002
mousemove,5/22/2017,13882.930000000002
pointermove,5/22/2017,13901.145
mousemove,5/22/2017,13900.295000000002
pointermove,5/22/2017,13918.425000000001
mousemove,5/22/2017,13917.540000000003
pointermove,5/22/2017,13935.945000000002
mousemove,5/22/2017,13935.005000000001
pointermove,5/22/2017,13953.300000000001
mousemove,5/22/2017,13951.915
pointerout,5/22/2017,13969.985
pointerover,5/22/2017,13970.165
mouseout,5/22/2017,13968.835000000001
mouseover,5/22/2017,13968.835000000001
pointermove,5/22/2017,13969.980000000001
mousemove,5/22/2017,13968.835000000001
pointermove,5/22/2017,13986.335000000001
mousemove,5/22/2017,13985.61
pointermove,5/22/2017,14003.555000000002
mousemove,5/22/2017,14002.77
pointermove,5/22/2017,14020.570000000002
mousemove,5/22/2017,14019.845
pointermove,5/22/2017,14037.375
mousemove,5/22/2017,14036.66
pointermove,5/22/2017,14054.23
mousemove,5/22/2017,14053.500000000002
pointermove,5/22/2017,14071.090000000002
mousemove,5/22/2017,14070.275000000001
pointermove,5/22/2017,14087.965
mousemove,5/22/2017,14087.27
pointermove,5/22/2017,14104.860000000002
mousemove,5/22/2017,14104.110000000002
pointermove,5/22/2017,14174.55
mousemove,5/22/2017,14173.025000000001
pointermove,5/22/2017,14229.655
mousemove,5/22/2017,14228.37
pointermove,5/22/2017,14254.405
mousemove,5/22/2017,14253.34
pointermove,5/22/2017,14324.355
mousemove,5/22/2017,14323.025000000001
pointermove,5/22/2017,14403.035000000002
mousemove,5/22/2017,14402.150000000003
pointerout,5/22/2017,14420.47
pointerover,5/22/2017,14420.644999999999
mouseout,5/22/2017,14419.385
mouseover,5/22/2017,14419.385
pointermove,5/22/2017,14420.47
mousemove,5/22/2017,14419.385
pointermove,5/22/2017,14451.745
mousemove,5/22/2017,14450.930000000002
pointermove,5/22/2017,14505.72
mousemove,5/22/2017,14504.855000000001
pointermove,5/22/2017,14522.975
mousemove,5/22/2017,14522.03
pointermove,5/22/2017,14600.775000000003
mousemove,5/22/2017,14599.804999999998
pointermove,5/22/2017,14625.220000000003
mousemove,5/22/2017,14624.58
pointermove,5/22/2017,14767.394999999999
mousemove,5/22/2017,14765.990000000003
pointermove,5/22/2017,14784.385
mousemove,5/22/2017,14783.109999999999
pointermove,5/22/2017,14801.37
mousemove,5/22/2017,14800.160000000002
pointermove,5/22/2017,14818.230000000001
mousemove,5/22/2017,14817.300000000001
pointerout,5/22/2017,14835.045
pointerover,5/22/2017,14835.180000000002
mouseout,5/22/2017,14834.220000000003
mouseover,5/22/2017,14834.220000000003
pointermove,5/22/2017,14835.045
mousemove,5/22/2017,14834.220000000003
pointermove,5/22/2017,14852.495
mousemove,5/22/2017,14851.605000000001
pointermove,5/22/2017,14869.555000000002
mousemove,5/22/2017,14868.630000000003
pointermove,5/22/2017,14887.220000000003
mousemove,5/22/2017,14886.429999999998
pointermove,5/22/2017,14904.375000000002
mousemove,5/22/2017,14903.6
pointermove,5/22/2017,14921.19
mousemove,5/22/2017,14920.450000000003
pointermove,5/22/2017,14938.62
mousemove,5/22/2017,14937.880000000003
pointermove,5/22/2017,14955.605000000001
mousemove,5/22/2017,14954.810000000003
pointermove,5/22/2017,14972.305000000002
mousemove,5/22/2017,14971.490000000003
pointermove,5/22/2017,14989.160000000002
mousemove,5/22/2017,14988.430000000002
pointermove,5/22/2017,15006.53
mousemove,5/22/2017,15005.475
pointermove,5/22/2017,15023.69
mousemove,5/22/2017,15022.640000000001
pointermove,5/22/2017,15041.08
mousemove,5/22/2017,15040.005
pointermove,5/22/2017,15057.755
mousemove,5/22/2017,15056.975
pointermove,5/22/2017,15075.105000000001
mousemove,5/22/2017,15074.115000000003
pointermove,5/22/2017,15091.679999999998
mousemove,5/22/2017,15090.940000000004
pointermove,5/22/2017,15108.76
mousemove,5/22/2017,15107.985000000002
pointermove,5/22/2017,15125.940000000004
mousemove,5/22/2017,15125.195000000002
pointermove,5/22/2017,15143.26
mousemove,5/22/2017,15142.490000000003
pointermove,5/22/2017,15160.405
mousemove,5/22/2017,15159.650000000003
pointermove,5/22/2017,15179.445000000002
mousemove,5/22/2017,15178.385
pointermove,5/22/2017,15210.914999999999
mousemove,5/22/2017,15209.950000000003
pointermove,5/22/2017,15234.685000000003
mousemove,5/22/2017,15233.610000000002
pointermove,5/22/2017,15266.13
mousemove,5/22/2017,15265.130000000003
pointermove,5/22/2017,15289.44
mousemove,5/22/2017,15288.700000000003
pointermove,5/22/2017,15312.900000000003
mousemove,5/22/2017,15312.240000000003
pointermove,5/22/2017,15330.074999999999
mousemove,5/22/2017,15329.160000000002
pointerout,5/22/2017,15353.210000000001
pointerover,5/22/2017,15353.365
mouseout,5/22/2017,15352.105000000001
mouseover,5/22/2017,15352.105000000001
pointermove,5/22/2017,15353.210000000001
mousemove,5/22/2017,15352.105000000001
pointermove,5/22/2017,15384.525
mousemove,5/22/2017,15383.695000000002
pointermove,5/22/2017,15402.28
mousemove,5/22/2017,15401.480000000001
pointermove,5/22/2017,15438.595000000003
mousemove,5/22/2017,15437.785000000002
pointermove,5/22/2017,15501.730000000001
mousemove,5/22/2017,15500.910000000002
pointermove,5/22/2017,15692.37
mousemove,5/22/2017,15691.039999999999
pointermove,5/22/2017,15716.94
mousemove,5/22/2017,15715.885
pointermove,5/22/2017,15733.995
mousemove,5/22/2017,15732.985000000002
pointermove,5/22/2017,15751.255
mousemove,5/22/2017,15750.17
pointermove,5/22/2017,15768.030000000004
mousemove,5/22/2017,15766.955000000004
pointerout,5/22/2017,15785.665000000003
pointerover,5/22/2017,15785.945000000002
mouseout,5/22/2017,15784.500000000002
mouseover,5/22/2017,15784.500000000002
pointermove,5/22/2017,15785.659999999998
mousemove,5/22/2017,15784.500000000002
pointermove,5/22/2017,15802.050000000001
mousemove,5/22/2017,15801.250000000002
pointermove,5/22/2017,15818.725
mousemove,5/22/2017,15818.090000000002
pointermove,5/22/2017,15835.859999999999
mousemove,5/22/2017,15835.109999999999
pointermove,5/22/2017,15852.960000000001
mousemove,5/22/2017,15852.265000000001
pointermove,5/22/2017,15870.365000000003
mousemove,5/22/2017,15869.635
pointermove,5/22/2017,15887.955
mousemove,5/22/2017,15887.155000000004
pointermove,5/22/2017,15905.074999999999
mousemove,5/22/2017,15904.225
pointermove,5/22/2017,15921.890000000001
mousemove,5/22/2017,15921.155
pointermove,5/22/2017,15939.010000000004
mousemove,5/22/2017,15938.410000000002
pointermove,5/22/2017,15956.650000000003
mousemove,5/22/2017,15955.920000000004
pointermove,5/22/2017,15974.03
mousemove,5/22/2017,15973.325000000003
pointermove,5/22/2017,15991.435000000003
mousemove,5/22/2017,15990.655
pointermove,5/22/2017,16008.9
mousemove,5/22/2017,16008.155
pointermove,5/22/2017,16026.35
mousemove,5/22/2017,16025.550000000001
pointermove,5/22/2017,16043.165000000003
mousemove,5/22/2017,16042.285000000002
pointermove,5/22/2017,16060.860000000002
mousemove,5/22/2017,16060.1
pointermove,5/22/2017,16078.550000000005
mousemove,5/22/2017,16077.270000000002
pointermove,5/22/2017,16095.565
mousemove,5/22/2017,16094.230000000001
pointermove,5/22/2017,16112.070000000002
mousemove,5/22/2017,16111.08
pointermove,5/22/2017,16129.040000000003
mousemove,5/22/2017,16127.94
pointermove,5/22/2017,16151.610000000002
mousemove,5/22/2017,16150.530000000004
pointermove,5/22/2017,16174.880000000003
mousemove,5/22/2017,16174.155
pointermove,5/22/2017,16198.725000000004
mousemove,5/22/2017,16197.955
pointermove,5/22/2017,16269.51
mousemove,5/22/2017,16268.030000000004
pointermove,5/22/2017,16739.93
mousemove,5/22/2017,16738.43
pointermove,5/22/2017,16757.525
mousemove,5/22/2017,16756.269999999997
pointerout,5/22/2017,16774.205
pointerover,5/22/2017,16774.35
mouseout,5/22/2017,16773.410000000003
mouseover,5/22/2017,16773.410000000003
pointermove,5/22/2017,16774.205
mousemove,5/22/2017,16773.410000000003
pointermove,5/22/2017,16791.559999999998
mousemove,5/22/2017,16790.725
pointermove,5/22/2017,16809.114999999998
mousemove,5/22/2017,16808.280000000006
pointermove,5/22/2017,16826.03
mousemove,5/22/2017,16825.215000000004
pointermove,5/22/2017,16842.870000000003
mousemove,5/22/2017,16842.090000000004
pointermove,5/22/2017,16937.4
mousemove,5/22/2017,16935.985
pointermove,5/22/2017,17427.105000000003
mousemove,5/22/2017,17426.175000000003
pointermove,5/22/2017,17444.335
mousemove,5/22/2017,17443.635000000002
pointerout,5/22/2017,17461.560000000005
pointerover,5/22/2017,17461.699999999997
mouseout,5/22/2017,17460.735
mouseover,5/22/2017,17460.735
pointermove,5/22/2017,17461.560000000005
mousemove,5/22/2017,17460.735
pointermove,5/22/2017,17479.035000000003
mousemove,5/22/2017,17477.755000000005
pointermove,5/22/2017,17495.445
mousemove,5/22/2017,17494.635000000002
pointermove,5/22/2017,17512.43
mousemove,5/22/2017,17511.615000000005
pointermove,5/22/2017,17529.61
mousemove,5/22/2017,17528.93
pointermove,5/22/2017,17546.695
mousemove,5/22/2017,17545.89
pointermove,5/22/2017,17564.105000000003
mousemove,5/22/2017,17562.905
pointermove,5/22/2017,17581.184999999998
mousemove,5/22/2017,17579.97
pointermove,5/22/2017,17598.245000000003
mousemove,5/22/2017,17597.105000000003
pointermove,5/22/2017,17614.980000000003
mousemove,5/22/2017,17614.120000000003
pointermove,5/22/2017,17632.085000000006
mousemove,5/22/2017,17631.230000000003
pointermove,5/22/2017,17649.225
mousemove,5/22/2017,17648.455
pointermove,5/22/2017,17666.190000000002
mousemove,5/22/2017,17665.440000000002
pointermove,5/22/2017,17683.08
mousemove,5/22/2017,17682.260000000002
pointermove,5/22/2017,17700.39
mousemove,5/22/2017,17699.575000000004
pointermove,5/22/2017,17717.585
mousemove,5/22/2017,17716.755000000005
pointermove,5/22/2017,17734.364999999998
mousemove,5/22/2017,17733.47
pointermove,5/22/2017,17751.465000000004
mousemove,5/22/2017,17750.200000000004
pointerout,5/22/2017,17768.04
pointerover,5/22/2017,17768.210000000006
mouseout,5/22/2017,17767.120000000003
mouseover,5/22/2017,17767.120000000003
pointermove,5/22/2017,17768.035000000003
mousemove,5/22/2017,17767.120000000003
pointermove,5/22/2017,17784.885000000002
mousemove,5/22/2017,17784.160000000003
pointermove,5/22/2017,17802.230000000003
mousemove,5/22/2017,17801.375
pointerout,5/22/2017,17819.440000000002
pointerover,5/22/2017,17819.560000000005
mouseout,5/22/2017,17818.685000000005
mouseover,5/22/2017,17818.685000000005
pointermove,5/22/2017,17819.435000000005
mousemove,5/22/2017,17818.685000000005
pointermove,5/22/2017,17836.425000000003
mousemove,5/22/2017,17835.61
pointermove,5/22/2017,17853.700000000004
mousemove,5/22/2017,17852.86
pointermove,5/22/2017,17871.5
mousemove,5/22/2017,17870.735
pointermove,5/22/2017,17888.6
mousemove,5/22/2017,17887.894999999997
pointermove,5/22/2017,17905.840000000004
mousemove,5/22/2017,17905.160000000003
pointermove,5/22/2017,18146.61
mousemove,5/22/2017,18145.310000000005
pointermove,5/22/2017,18185.85
mousemove,5/22/2017,18184.89
pointermove,5/22/2017,18336.135000000002
mousemove,5/22/2017,18335.005000000005
pointerdown,5/22/2017,18352.47
mousedown,5/22/2017,18350.700000000004
pointerup,5/22/2017,18494.114999999998
mouseup,5/22/2017,18493.175000000003
click,5/22/2017,18493.175000000003
pointermove,5/22/2017,18770.725
mousemove,5/22/2017,18769.86
pointerout,5/22/2017,18788.065000000002
pointerover,5/22/2017,18788.235
mouseout,5/22/2017,18787.309999999998
mouseover,5/22/2017,18787.309999999998
pointermove,5/22/2017,18788.059999999998
mousemove,5/22/2017,18787.309999999998
pointermove,5/22/2017,18805.700000000004
mousemove,5/22/2017,18804.495000000003
pointermove,5/22/2017,18822.96
mousemove,5/22/2017,18821.840000000004
pointerout,5/22/2017,18840.32
pointerover,5/22/2017,18840.545
mouseout,5/22/2017,18839.135000000002
mouseover,5/22/2017,18839.135000000002
pointermove,5/22/2017,18840.32
mousemove,5/22/2017,18839.135000000002
pointermove,5/22/2017,18857.965000000004
mousemove,5/22/2017,18856.065000000002
pointermove,5/22/2017,18874.155
mousemove,5/22/2017,18872.825000000004
pointermove,5/22/2017,18890.9
mousemove,5/22/2017,18889.730000000003
pointermove,5/22/2017,18907.57
mousemove,5/22/2017,18906.730000000003
pointermove,5/22/2017,18929.605000000003
mousemove,5/22/2017,18928.9
pointermove,5/22/2017,19071.61
mousemove,5/22/2017,19070.28
pointermove,5/22/2017,19142.25
mousemove,5/22/2017,19141.420000000006
pointerdown,5/22/2017,19166.07
mousedown,5/22/2017,19164.93
pointerup,5/22/2017,19260.824999999997
mouseup,5/22/2017,19259.700000000004
click,5/22/2017,19259.700000000004
pointermove,5/22/2017,19521.795
mousemove,5/22/2017,19520.870000000003
pointermove,5/22/2017,19538.33
mousemove,5/22/2017,19537.615000000005
pointerout,5/22/2017,19555.380000000005
pointerover,5/22/2017,19555.550000000003
mouseout,5/22/2017,19554.635000000002
mouseover,5/22/2017,19554.635000000002
pointermove,5/22/2017,19555.375
mousemove,5/22/2017,19554.635000000002
pointermove,5/22/2017,19572.690000000002
mousemove,5/22/2017,19571.815000000002
pointerout,5/22/2017,19589.520000000004
pointerover,5/22/2017,19589.730000000003
mouseout,5/22/2017,19588.690000000002
mouseover,5/22/2017,19588.690000000002
pointermove,5/22/2017,19589.520000000004
mousemove,5/22/2017,19588.690000000002
pointerout,5/22/2017,19607.155
pointerover,5/22/2017,19607.350000000006
mouseout,5/22/2017,19606.17
mouseover,5/22/2017,19606.17
pointermove,5/22/2017,19607.15
mousemove,5/22/2017,19606.17
pointermove,5/22/2017,19624.1
mousemove,5/22/2017,19623.225
pointerout,5/22/2017,19641.4
pointerover,5/22/2017,19641.525
mouseout,5/22/2017,19640.605000000003
mouseover,5/22/2017,19640.605000000003
pointermove,5/22/2017,19641.395000000004
mousemove,5/22/2017,19640.605000000003
pointermove,5/22/2017,19658.260000000002
mousemove,5/22/2017,19657.435000000005
pointermove,5/22/2017,19675.420000000006
mousemove,5/22/2017,19674.61
pointermove,5/22/2017,19692.839999999997
mousemove,5/22/2017,19691.980000000003
pointermove,5/22/2017,19709.910000000003
mousemove,5/22/2017,19708.980000000003
pointermove,5/22/2017,19726.809999999998
mousemove,5/22/2017,19725.810000000005
pointermove,5/22/2017,19743.260000000002
mousemove,5/22/2017,19742.510000000002
pointerout,5/22/2017,19760.375
pointerover,5/22/2017,19760.505000000005
mouseout,5/22/2017,19759.5
mouseover,5/22/2017,19759.5
pointermove,5/22/2017,19760.375
mousemove,5/22/2017,19759.5
pointerout,5/22/2017,19777.305
pointerover,5/22/2017,19777.440000000002
mouseout,5/22/2017,19776.53
mouseover,5/22/2017,19776.53
pointermove,5/22/2017,19777.305
mousemove,5/22/2017,19776.53
pointermove,5/22/2017,19794.905000000006
mousemove,5/22/2017,19793.775
pointermove,5/22/2017,19812.035000000003
mousemove,5/22/2017,19810.895000000004
pointermove,5/22/2017,19828.665
mousemove,5/22/2017,19827.835000000006
pointermove,5/22/2017,19845.940000000002
mousemove,5/22/2017,19845.14
pointermove,5/22/2017,19863.43
mousemove,5/22/2017,19862.695
pointermove,5/22/2017,19880.97
mousemove,5/22/2017,19879.92
pointermove,5/22/2017,19925.480000000003
mousemove,5/22/2017,19924.08
pointermove,5/22/2017,19941.920000000006
mousemove,5/22/2017,19941.14
pointermove,5/22/2017,19958.93
mousemove,5/22/2017,19958.120000000003
pointermove,5/22/2017,19976.535000000003
mousemove,5/22/2017,19975.33
pointermove,5/22/2017,19993.68
mousemove,5/22/2017,19992.475
pointermove,5/22/2017,20010.33
mousemove,5/22/2017,20009.465000000004
pointermove,5/22/2017,20027.684999999998
mousemove,5/22/2017,20026.855000000003
pointermove,5/22/2017,20044.71
mousemove,5/22/2017,20043.68
pointermove,5/22/2017,20061.485
mousemove,5/22/2017,20060.43
pointermove,5/22/2017,20078.165
mousemove,5/22/2017,20077.445
pointermove,5/22/2017,20095.68
mousemove,5/22/2017,20094.870000000003
pointermove,5/22/2017,20130.375
mousemove,5/22/2017,20129.434999999998
pointermove,5/22/2017,20147.32
mousemove,5/22/2017,20146.575000000004
pointermove,5/22/2017,20164.425000000003
mousemove,5/22/2017,20163.65
pointermove,5/22/2017,20181.730000000003
mousemove,5/22/2017,20180.915
pointermove,5/22/2017,20199.074999999997
mousemove,5/22/2017,20198.305
pointermove,5/22/2017,20501.725
mousemove,5/22/2017,20500.845
pointermove,5/22/2017,20526.684999999998
mousemove,5/22/2017,20525.915
pointermove,5/22/2017,20543.635000000002
mousemove,5/22/2017,20542.975
pointermove,5/22/2017,20560.495000000003
mousemove,5/22/2017,20559.870000000003
pointermove,5/22/2017,20577.47
mousemove,5/22/2017,20576.690000000002
pointerout,5/22/2017,20594.835000000006
pointerover,5/22/2017,20594.990000000005
mouseout,5/22/2017,20594.095
mouseover,5/22/2017,20594.095
pointermove,5/22/2017,20594.83
mousemove,5/22/2017,20594.095
pointermove,5/22/2017,20614.765
mousemove,5/22/2017,20611.405
pointermove,5/22/2017,20629.18
mousemove,5/22/2017,20628.440000000002
pointermove,5/22/2017,20646.53
mousemove,5/22/2017,20645.740000000005
pointermove,5/22/2017,20663.809999999998
mousemove,5/22/2017,20663.010000000002
pointermove,5/22/2017,20731.895000000004
mousemove,5/22/2017,20730.550000000003
pointermove,5/22/2017,20786.86
mousemove,5/22/2017,20785.795000000006
pointermove,5/22/2017,21194.309999999998
mousemove,5/22/2017,21192.97
pointermove,5/22/2017,21210.545000000006
mousemove,5/22/2017,21209.640000000007
pointermove,5/22/2017,21227.665
mousemove,5/22/2017,21226.635000000002
pointerout,5/22/2017,21244.89
pointerover,5/22/2017,21245.08
mouseout,5/22/2017,21243.85
mouseover,5/22/2017,21243.85
pointermove,5/22/2017,21244.89
mousemove,5/22/2017,21243.85
pointermove,5/22/2017,21261.215000000004
mousemove,5/22/2017,21260.525
pointermove,5/22/2017,21278.160000000003
mousemove,5/22/2017,21277.425000000003
pointermove,5/22/2017,21296.145000000004
mousemove,5/22/2017,21294.78
pointermove,5/22/2017,21313.245000000003
mousemove,5/22/2017,21311.870000000003
pointermove,5/22/2017,21329.525
mousemove,5/22/2017,21328.620000000003
pointermove,5/22/2017,21346.275
mousemove,5/22/2017,21345.65
pointermove,5/22/2017,21363.770000000004
mousemove,5/22/2017,21362.935000000005
pointermove,5/22/2017,21381.08
mousemove,5/22/2017,21379.905
pointermove,5/22/2017,21398.36
mousemove,5/22/2017,21396.835
pointermove,5/22/2017,21415.920000000006
mousemove,5/22/2017,21413.755000000005
pointermove,5/22/2017,21432.405
mousemove,5/22/2017,21431.450000000004
pointermove,5/22/2017,21455.510000000002
mousemove,5/22/2017,21454.68
pointermove,5/22/2017,21525.985
mousemove,5/22/2017,21524.65
pointermove,5/22/2017,21550.305
mousemove,5/22/2017,21549.590000000004
pointermove,5/22/2017,21566.845
mousemove,5/22/2017,21566.18
pointermove,5/22/2017,21584.11
mousemove,5/22/2017,21583.140000000007
pointermove,5/22/2017,21600.810000000005
mousemove,5/22/2017,21599.864999999998
pointermove,5/22/2017,21617.655
mousemove,5/22/2017,21616.89
pointermove,5/22/2017,21635.225
mousemove,5/22/2017,21634.425000000003
pointerout,5/22/2017,21652
pointerover,5/22/2017,21652.155
mouseout,5/22/2017,21651.195
mouseover,5/22/2017,21651.195
pointermove,5/22/2017,21652
mousemove,5/22/2017,21651.195
pointermove,5/22/2017,21669.055
mousemove,5/22/2017,21667.915
pointermove,5/22/2017,21685.42
mousemove,5/22/2017,21684.645000000004
pointermove,5/22/2017,21702.54
mousemove,5/22/2017,21701.805
pointermove,5/22/2017,21747.035000000003
mousemove,5/22/2017,21746.115000000005
pointermove,5/22/2017,22237.760000000002
mousemove,5/22/2017,22236.28
pointermove,5/22/2017,22255.165
mousemove,5/22/2017,22253.995000000003
pointermove,5/22/2017,22271.810000000005
mousemove,5/22/2017,22270.870000000003
pointermove,5/22/2017,22294.059999999998
mousemove,5/22/2017,22293.04
pointermove,5/22/2017,22310.620000000003
mousemove,5/22/2017,22309.810000000005
pointermove,5/22/2017,22327.68
mousemove,5/22/2017,22326.490000000005
pointermove,5/22/2017,22344.545000000006
mousemove,5/22/2017,22343.735
pointerout,5/22/2017,22361.97
pointerover,5/22/2017,22362.115000000005
mouseout,5/22/2017,22361.200000000004
pointerover,5/22/2017,22379.275
mouseover,5/22/2017,22378.305
pointermove,5/22/2017,22379.270000000004
mousemove,5/22/2017,22378.305
pointermove,5/22/2017,22396.645000000004
mousemove,5/22/2017,22395.675000000003
pointermove,5/22/2017,22413.225
mousemove,5/22/2017,22412.525
pointermove,5/22/2017,22429.945
mousemove,5/22/2017,22429.254999999997
pointermove,5/22/2017,22446.730000000003
mousemove,5/22/2017,22445.980000000003
pointermove,5/22/2017,22464.745000000003
mousemove,5/22/2017,22463.915
pointerout,5/22/2017,22481.450000000004
pointerover,5/22/2017,22481.589999999997
mouseout,5/22/2017,22480.625
mouseover,5/22/2017,22480.625
pointermove,5/22/2017,22481.450000000004
mousemove,5/22/2017,22480.625
pointermove,5/22/2017,22498.735
mousemove,5/22/2017,22498.055
pointermove,5/22/2017,22515.559999999998
mousemove,5/22/2017,22514.82
pointermove,5/22/2017,22877.879999999997
mousemove,5/22/2017,22876.54
pointermove,5/22/2017,22894.300000000003
mousemove,5/22/2017,22893.61
pointermove,5/22/2017,22911.025
mousemove,5/22/2017,22910.355000000003
pointermove,5/22/2017,22928.355000000003
mousemove,5/22/2017,22927.505000000005
pointermove,5/22/2017,22945.130000000005
mousemove,5/22/2017,22944.309999999998
pointermove,5/22/2017,22961.815000000002
mousemove,5/22/2017,22961.010000000002
pointerout,5/22/2017,22978.780000000006
pointerover,5/22/2017,22978.990000000005
mouseout,5/22/2017,22977.735
mouseover,5/22/2017,22977.735
pointermove,5/22/2017,22978.775
mousemove,5/22/2017,22977.735
pointermove,5/22/2017,22996.420000000006
mousemove,5/22/2017,22995.200000000004
pointermove,5/22/2017,23013.630000000005
mousemove,5/22/2017,23012.83
pointermove,5/22/2017,23030.82
mousemove,5/22/2017,23029.975000000006
pointermove,5/22/2017,23048.450000000004
mousemove,5/22/2017,23047.605000000003
pointermove,5/22/2017,23065.845
mousemove,5/22/2017,23064.995000000003
pointermove,5/22/2017,23083.355000000003
mousemove,5/22/2017,23082.100000000006
pointerout,5/22/2017,23100.240000000005
pointerover,5/22/2017,23100.39
mouseout,5/22/2017,23099.295
mouseover,5/22/2017,23099.295
pointermove,5/22/2017,23100.235
mousemove,5/22/2017,23099.295
pointermove,5/22/2017,23117.11
mousemove,5/22/2017,23116.33
pointermove,5/22/2017,23134.870000000003
mousemove,5/22/2017,23133.795000000006
pointermove,5/22/2017,23152.090000000004
mousemove,5/22/2017,23150.995000000003
pointermove,5/22/2017,23306.690000000002
mousemove,5/22/2017,23303.92
pointermove,5/22/2017,23329.795
mousemove,5/22/2017,23328.215000000004
pointermove,5/22/2017,23346.950000000004
mousemove,5/22/2017,23345.155
pointermove,5/22/2017,23362.9
mousemove,5/22/2017,23361.960000000006
pointermove,5/22/2017,23379.910000000003
mousemove,5/22/2017,23378.770000000004
pointermove,5/22/2017,23396.83
mousemove,5/22/2017,23395.560000000005
pointermove,5/22/2017,23430.700000000004
mousemove,5/22/2017,23429.695
pointermove,5/22/2017,23478.300000000003
mousemove,5/22/2017,23477.305
keydown,5/22/2017,24478.645000000004
keypress,5/22/2017,24478.645000000004
keydown,5/22/2017,24546.605000000003
keypress,5/22/2017,24546.605000000003
keyup,5/22/2017,24846.615000000005
keyup,5/22/2017,24894.925000000003
keydown,5/22/2017,24930.71
keypress,5/22/2017,24930.71
keydown,5/22/2017,24942.595
keypress,5/22/2017,24942.595
keydown,5/22/2017,24986.684999999998
keypress,5/22/2017,24986.684999999998
keyup,5/22/2017,25002.660000000003
keyup,5/22/2017,25014.730000000003
keydown,5/22/2017,25058.670000000006
keypress,5/22/2017,25058.670000000006
keydown,5/22/2017,25062.475
keypress,5/22/2017,25062.475
keyup,5/22/2017,25078.61
keydown,5/22/2017,25086.525
keypress,5/22/2017,25086.525
keyup,5/22/2017,25242.535000000003
keydown,5/22/2017,25346.660000000003
keypress,5/22/2017,25346.660000000003
keydown,5/22/2017,25350.61
keypress,5/22/2017,25350.61
keyup,5/22/2017,25378.445
keyup,5/22/2017,25530.614999999998
keydown,5/22/2017,25558.665
keypress,5/22/2017,25558.665
keyup,5/22/2017,25582.660000000003
keyup,5/22/2017,25630.645000000004
keydown,5/22/2017,25738.535000000003
keypress,5/22/2017,25738.535000000003
keydown,5/22/2017,25818.805
keypress,5/22/2017,25818.805
keydown,5/22/2017,25822.535000000003
keypress,5/22/2017,25822.535000000003
keyup,5/22/2017,25842.440000000002
keydown,5/22/2017,25882.705
keypress,5/22/2017,25882.705
keydown,5/22/2017,25930.660000000003
keypress,5/22/2017,25930.660000000003
keydown,5/22/2017,25938.625
keypress,5/22/2017,25938.625
keyup,5/22/2017,25954.61
keyup,5/22/2017,26010.645000000004
keyup,5/22/2017,26026.660000000003
keyup,5/22/2017,26030.65
keyup,5/22/2017,26134.565000000002
keyup,5/22/2017,26170.945
keydown,5/22/2017,26351.425000000003
keypress,5/22/2017,26351.425000000003
keydown,5/22/2017,26355.405
keypress,5/22/2017,26355.405
keyup,5/22/2017,26507.555
keydown,5/22/2017,26515.555
keypress,5/22/2017,26515.555
keyup,5/22/2017,26539.485
keydown,5/22/2017,26563.4
keypress,5/22/2017,26563.4
keydown,5/22/2017,26567.39
keypress,5/22/2017,26567.39
keyup,5/22/2017,26687.480000000003
keyup,5/22/2017,26727.39
keydown,5/22/2017,26751.550000000003
keypress,5/22/2017,26751.550000000003
keydown,5/22/2017,26763.600000000006
keypress,5/22/2017,26763.600000000006
keydown,5/22/2017,26771.475
keypress,5/22/2017,26771.475
keydown,5/22/2017,26779.490000000005
keypress,5/22/2017,26779.490000000005
keyup,5/22/2017,26807.560000000005
keydown,5/22/2017,26911.625000000007
keypress,5/22/2017,26911.625000000007
keyup,5/22/2017,26915.425000000003
keyup,5/22/2017,26955.465000000004
keyup,5/22/2017,26963.559999999998
keydown,5/22/2017,27015.520000000004
keypress,5/22/2017,27015.520000000004
keyup,5/22/2017,27023.6
keyup,5/22/2017,27119.455
keydown,5/22/2017,27135.340000000004
keypress,5/22/2017,27135.340000000004
keydown,5/22/2017,27135.340000000004
keypress,5/22/2017,27135.340000000004
keydown,5/22/2017,27135.340000000004
keypress,5/22/2017,27135.340000000004
keydown,5/22/2017,27151.560000000005
keypress,5/22/2017,27151.560000000005
keyup,5/22/2017,27211.47
keydown,5/22/2017,27215.65
keypress,5/22/2017,27215.65
keyup,5/22/2017,27219.440000000002
keyup,5/22/2017,27275.67
keyup,5/22/2017,27279.685000000005
keyup,5/22/2017,27403.600000000006
keydown,5/22/2017,27427.435000000005
keypress,5/22/2017,27427.435000000005
keyup,5/22/2017,27427.435000000005
keydown,5/22/2017,27475.370000000003
keypress,5/22/2017,27475.370000000003
keydown,5/22/2017,27511.340000000004
keypress,5/22/2017,27511.340000000004
keyup,5/22/2017,27547.460000000006
keydown,5/22/2017,27571.5
keypress,5/22/2017,27571.5
keydown,5/22/2017,27599.47
keypress,5/22/2017,27599.47
keyup,5/22/2017,27667.590000000004
keydown,5/22/2017,27683.605000000003
keypress,5/22/2017,27683.605000000003
keyup,5/22/2017,27731.335
keyup,5/22/2017,27735.33
keydown,5/22/2017,27763.47
keypress,5/22/2017,27763.47
keyup,5/22/2017,27783.575000000004
keyup,5/22/2017,27935.410000000003
keyup,5/22/2017,27983.915
keydown,5/22/2017,28161.525
keypress,5/22/2017,28161.525
keydown,5/22/2017,28217.5
keypress,5/22/2017,28217.5
keydown,5/22/2017,28269.43
keypress,5/22/2017,28269.43
keyup,5/22/2017,28433.574999999997
keyup,5/22/2017,28457.420000000006
keydown,5/22/2017,28461.605000000003
keypress,5/22/2017,28461.605000000003
keydown,5/22/2017,28669.449999999997
keypress,5/22/2017,28669.449999999997
keyup,5/22/2017,28709.535000000003
keydown,5/22/2017,28761.585000000006
keypress,5/22/2017,28761.585000000006
keyup,5/22/2017,28873.410000000003
keydown,5/22/2017,28877.29
keypress,5/22/2017,28877.29
keydown,5/22/2017,28937.43
keypress,5/22/2017,28937.43
keyup,5/22/2017,28973.410000000003
keyup,5/22/2017,29121.555
keydown,5/22/2017,29125.475
keypress,5/22/2017,29125.475
keyup,5/22/2017,29149.380000000005
keyup,5/22/2017,29161.310000000005
keydown,5/22/2017,29269.485
keypress,5/22/2017,29269.485
keydown,5/22/2017,29285.505000000005
keypress,5/22/2017,29285.505000000005
keyup,5/22/2017,29513.510000000002
keyup,5/22/2017,29537.495000000003
keydown,5/22/2017,29557.545000000006
keypress,5/22/2017,29557.545000000006
keyup,5/22/2017,29569.420000000006
keydown,5/22/2017,29609.605000000003
keypress,5/22/2017,29609.605000000003
keydown,5/22/2017,29689.425000000003
keypress,5/22/2017,29689.425000000003
keyup,5/22/2017,29753.520000000004
keyup,5/22/2017,29789.495000000003
keyup,5/22/2017,29845.82
keydown,5/22/2017,29876.47
keypress,5/22/2017,29876.47
keydown,5/22/2017,30020.530000000006
keypress,5/22/2017,30020.530000000006
keydown,5/22/2017,30028.525
keypress,5/22/2017,30028.525
keydown,5/22/2017,30108.460000000006
keypress,5/22/2017,30108.460000000006
keydown,5/22/2017,30252.449999999997
keypress,5/22/2017,30252.449999999997
keyup,5/22/2017,30264.325000000004
keyup,5/22/2017,30284.385000000002
keyup,5/22/2017,30292.395000000004
keyup,5/22/2017,30328.160000000003
keyup,5/22/2017,30460.260000000002
keydown,5/22/2017,30468.280000000006
keypress,5/22/2017,30468.280000000006
keydown,5/22/2017,30520.505000000005
keypress,5/22/2017,30520.505000000005
keydown,5/22/2017,30644.300000000003
keypress,5/22/2017,30644.300000000003
keydown,5/22/2017,30660.375000000007
keypress,5/22/2017,30660.375000000007
keyup,5/22/2017,30664.29
keyup,5/22/2017,30700.515000000007
keydown,5/22/2017,30784.489999999998
keypress,5/22/2017,30784.489999999998
keyup,5/22/2017,30804.32
keydown,5/22/2017,30876.385000000002
keypress,5/22/2017,30876.385000000002
keyup,5/22/2017,30972.425000000003
keydown,5/22/2017,30996.35
keypress,5/22/2017,30996.35
keyup,5/22/2017,31096.190000000002
keyup,5/22/2017,31124.245000000003
keydown,5/22/2017,31188.275
keypress,5/22/2017,31188.275
keydown,5/22/2017,31208.365000000005
keypress,5/22/2017,31208.365000000005
keyup,5/22/2017,31328.144999999997
keydown,5/22/2017,31356.130000000005
keypress,5/22/2017,31356.130000000005
keydown,5/22/2017,31452.18
keypress,5/22/2017,31452.18
keydown,5/22/2017,31492.335
keypress,5/22/2017,31492.335
keyup,5/22/2017,31548.324999999997
keyup,5/22/2017,31616.385000000002
keyup,5/22/2017,31708.449999999997
keydown,5/22/2017,31708.455
keypress,5/22/2017,31708.455
keyup,5/22/2017,31780.364999999998
keyup,5/22/2017,31808.189999999995
keydown,5/22/2017,31816.295
keypress,5/22/2017,31816.295
keydown,5/22/2017,31816.300000000003
keypress,5/22/2017,31816.300000000003
keyup,5/22/2017,31856.42
keydown,5/22/2017,31880.364999999998
keypress,5/22/2017,31880.364999999998
keyup,5/22/2017,31916.36
keyup,5/22/2017,32012.36
keydown,5/22/2017,32020.285000000003
keypress,5/22/2017,32020.285000000003
keyup,5/22/2017,32040.340000000004
keydown,5/22/2017,32068.405
keypress,5/22/2017,32068.405
keydown,5/22/2017,32068.405
keypress,5/22/2017,32068.405
keyup,5/22/2017,32140.42
keydown,5/22/2017,32184.354999999996
keypress,5/22/2017,32184.354999999996
keydown,5/22/2017,32208.315000000002
keypress,5/22/2017,32208.315000000002
keyup,5/22/2017,32216.309999999998
keyup,5/22/2017,32276.28
keydown,5/22/2017,32332.08
keypress,5/22/2017,32332.08
keydown,5/22/2017,32424.255000000005
keypress,5/22/2017,32424.255000000005
keydown,5/22/2017,32500.355000000003
keypress,5/22/2017,32500.355000000003
keyup,5/22/2017,32500.36
keyup,5/22/2017,32500.36
keydown,5/22/2017,32504.064999999995
keypress,5/22/2017,32504.064999999995
keyup,5/22/2017,32512.239999999998
keyup,5/22/2017,32596.22
keyup,5/22/2017,32636.04
keydown,5/22/2017,32644.195
keypress,5/22/2017,32644.195
keydown,5/22/2017,32660.089999999997
keypress,5/22/2017,32660.089999999997
keyup,5/22/2017,32684.055
keyup,5/22/2017,32748.350000000006
keydown,5/22/2017,32748.354999999996
keypress,5/22/2017,32748.354999999996
keydown,5/22/2017,32764.35
keypress,5/22/2017,32764.35
keydown,5/22/2017,32768.21
keypress,5/22/2017,32768.21
keydown,5/22/2017,32772.225
keypress,5/22/2017,32772.225
keyup,5/22/2017,32828.305
keydown,5/22/2017,32864.33
keypress,5/22/2017,32864.33
keyup,5/22/2017,32896.31
keyup,5/22/2017,32896.31
keyup,5/22/2017,32896.31
keydown,5/22/2017,33008.3
keypress,5/22/2017,33008.3
keyup,5/22/2017,33032.225
keydown,5/22/2017,33044.235
keypress,5/22/2017,33044.235
keydown,5/22/2017,33048.035
keypress,5/22/2017,33048.035
keydown,5/22/2017,33132.3
keypress,5/22/2017,33132.3
keydown,5/22/2017,33168.395
keypress,5/22/2017,33168.395
keyup,5/22/2017,33172.09
keyup,5/22/2017,33184.145000000004
keyup,5/22/2017,33196.240000000005
keyup,5/22/2017,33272.19
keydown,5/22/2017,33280.355
keypress,5/22/2017,33280.355
keydown,5/22/2017,33292.299999999996
keypress,5/22/2017,33292.299999999996
keydown,5/22/2017,33296.065
keypress,5/22/2017,33296.065
keyup,5/22/2017,33308.13
keyup,5/22/2017,33308.135
keydown,5/22/2017,33344.04
keypress,5/22/2017,33344.04
keydown,5/22/2017,33364.060000000005
keypress,5/22/2017,33364.060000000005
keyup,5/22/2017,33408.310000000005
keydown,5/22/2017,33436.270000000004
keypress,5/22/2017,33436.270000000004
keyup,5/22/2017,33436.275
keyup,5/22/2017,33468.195
keyup,5/22/2017,33476.11
keydown,5/22/2017,33488.259999999995
keypress,5/22/2017,33488.259999999995
keyup,5/22/2017,33500.275
keyup,5/22/2017,33612.265
keyup,5/22/2017,33620.530000000006
wheel,5/22/2017,34385.4
wheel,5/22/2017,34393.189999999995
wheel,5/22/2017,34401.200000000004
wheel,5/22/2017,34409.115
wheel,5/22/2017,34417.090000000004
wheel,5/22/2017,34425.115
wheel,5/22/2017,34432.935000000005
wheel,5/22/2017,34441.165
wheel,5/22/2017,34448.825
wheel,5/22/2017,34457.04
wheel,5/22/2017,34464.534999999996
wheel,5/22/2017,34472.405000000006
wheel,5/22/2017,34480.46
wheel,5/22/2017,34488.65
wheel,5/22/2017,34496.235
wheel,5/22/2017,34506.735
wheel,5/22/2017,34511.88
wheel,5/22/2017,34519.86
wheel,5/22/2017,34527.39
wheel,5/22/2017,34535.62
wheel,5/22/2017,34543.25
wheel,5/22/2017,34551.380000000005
wheel,5/22/2017,34559.405
wheel,5/22/2017,34567.305
wheel,5/22/2017,34609.490000000005
wheel,5/22/2017,34614.590000000004
wheel,5/22/2017,34625.435000000005
wheel,5/22/2017,34630.535
wheel,5/22/2017,34638.54
wheel,5/22/2017,34646.46
wheel,5/22/2017,34654.07
wheel,5/22/2017,34661.935
wheel,5/22/2017,34669.615
wheel,5/22/2017,34677.695
wheel,5/22/2017,34688.47
wheel,5/22/2017,34693.585
wheel,5/22/2017,34701.72
wheel,5/22/2017,34709.175
wheel,5/22/2017,34717.329999999994
wheel,5/22/2017,34725.205
wheel,5/22/2017,34733.064999999995
wheel,5/22/2017,34740.835
wheel,5/22/2017,34748.950000000004
wheel,5/22/2017,34756.875
wheel,5/22/2017,34764.72
wheel,5/22/2017,34772.665
wheel,5/22/2017,34780.59
wheel,5/22/2017,34788.314999999995
wheel,5/22/2017,34796.555
wheel,5/22/2017,34804.035
wheel,5/22/2017,34811.76
wheel,5/22/2017,34819.54
wheel,5/22/2017,34827.475
wheel,5/22/2017,34835.44
wheel,5/22/2017,34843.424999999996
wheel,5/22/2017,34851.2
wheel,5/22/2017,34859.515
wheel,5/22/2017,34867.530000000006
wheel,5/22/2017,34875.425
wheel,5/22/2017,34883.384999999995
wheel,5/22/2017,34891.375
wheel,5/22/2017,34899.49
wheel,5/22/2017,34907.37
wheel,5/22/2017,34915.340000000004
wheel,5/22/2017,34923.385
wheel,5/22/2017,34930.93
wheel,5/22/2017,34938.965000000004
wheel,5/22/2017,34946.89000000001
wheel,5/22/2017,34955.18
wheel,5/22/2017,34962.815
wheel,5/22/2017,34970.395
wheel,5/22/2017,34981.315
wheel,5/22/2017,34986.2
wheel,5/22/2017,34994.14
wheel,5/22/2017,35001.98
wheel,5/22/2017,35009.825
wheel,5/22/2017,35017.62500000001
wheel,5/22/2017,35025.86
wheel,5/22/2017,35033.875
wheel,5/22/2017,35041.130000000005
wheel,5/22/2017,35049.15
wheel,5/22/2017,35056.950000000004
wheel,5/22/2017,35064.785
wheel,5/22/2017,35072.740000000005
wheel,5/22/2017,35080.64000000001
wheel,5/22/2017,35088.53
wheel,5/22/2017,35096.695
wheel,5/22/2017,35104.36
wheel,5/22/2017,35112.575000000004
wheel,5/22/2017,35120.235
wheel,5/22/2017,35128.345
wheel,5/22/2017,35144.405
wheel,5/22/2017,35152.255
wheel,5/22/2017,35160.075
wheel,5/22/2017,35168.01
wheel,5/22/2017,35175.939999999995
wheel,5/22/2017,35183.725000000006
wheel,5/22/2017,35192.01
wheel,5/22/2017,35199.94
wheel,5/22/2017,35207.795
wheel,5/22/2017,35215.69
wheel,5/22/2017,35223.06
wheel,5/22/2017,35231.195
wheel,5/22/2017,35238.825
wheel,5/22/2017,35246.740000000005
wheel,5/22/2017,35254.68
wheel,5/22/2017,35262.4
wheel,5/22/2017,35270.240000000005
wheel,5/22/2017,35278.135
wheel,5/22/2017,35286.045000000006
wheel,5/22/2017,35293.83
wheel,5/22/2017,35301.735
wheel,5/22/2017,35309.765
wheel,5/22/2017,35317.565
wheel,5/22/2017,35325.45
wheel,5/22/2017,35333.31
wheel,5/22/2017,35341.235
wheel,5/22/2017,35349.55
wheel,5/22/2017,35357.685
wheel,5/22/2017,35365.655
wheel,5/22/2017,35373.655
wheel,5/22/2017,35381.659999999996
wheel,5/22/2017,35389.445
wheel,5/22/2017,35397.57
wheel,5/22/2017,35405.425
wheel,5/22/2017,35413.530000000006
wheel,5/22/2017,35421.22
wheel,5/22/2017,35429.225000000006
wheel,5/22/2017,35437.05
wheel,5/22/2017,35445.005000000005
wheel,5/22/2017,35452.81
wheel,5/22/2017,35460.380000000005
wheel,5/22/2017,35468.435
wheel,5/22/2017,35476.515
wheel,5/22/2017,35484.215000000004
wheel,5/22/2017,35491.97
wheel,5/22/2017,35499.62
wheel,5/22/2017,35507.48
wheel,5/22/2017,35515.355
wheel,5/22/2017,35523.195
wheel,5/22/2017,35531.075000000004
wheel,5/22/2017,35538.965
wheel,5/22/2017,35547.315
wheel,5/22/2017,35555.079999999994
wheel,5/22/2017,35562.78
wheel,5/22/2017,35570.740000000005
wheel,5/22/2017,35578.565
wheel,5/22/2017,35586.54
wheel,5/22/2017,35602.595
wheel,5/22/2017,35610.29
wheel,5/22/2017,35618.495
wheel,5/22/2017,35626.46
wheel,5/22/2017,35634.305
wheel,5/22/2017,35641.89
wheel,5/22/2017,35649.875
wheel,5/22/2017,35657.835
wheel,5/22/2017,35665.935
wheel,5/22/2017,35673.385
wheel,5/22/2017,35681.255000000005
wheel,5/22/2017,35689.025
wheel,5/22/2017,35697.08
wheel,5/22/2017,35705.345
wheel,5/22/2017,35713.115000000005
wheel,5/22/2017,35720.94
wheel,5/22/2017,35728.630000000005
wheel,5/22/2017,35736.685000000005
wheel,5/22/2017,35744.42
wheel,5/22/2017,35752.275
wheel,5/22/2017,35760.38
wheel,5/22/2017,35768.11
wheel,5/22/2017,35776.165
wheel,5/22/2017,35784.04
wheel,5/22/2017,35791.895
wheel,5/22/2017,35799.705
wheel,5/22/2017,35807.564999999995
wheel,5/22/2017,35815.530000000006
wheel,5/22/2017,35823.590000000004
wheel,5/22/2017,35831.535
wheel,5/22/2017,35839.565
wheel,5/22/2017,35847.835
wheel,5/22/2017,35855.759999999995
wheel,5/22/2017,35863.880000000005
wheel,5/22/2017,35871.920000000006
wheel,5/22/2017,35879.57
wheel,5/22/2017,35887.83500000001
wheel,5/22/2017,35895.555
wheel,5/22/2017,35903.75
wheel,5/22/2017,35911.46
wheel,5/22/2017,35919.18
wheel,5/22/2017,35927.205
wheel,5/22/2017,35934.98
wheel,5/22/2017,35942.82
wheel,5/22/2017,35950.845
wheel,5/22/2017,35958.15
wheel,5/22/2017,35966.015
wheel,5/22/2017,35973.86
wheel,5/22/2017,35981.94500000001
wheel,5/22/2017,35989.715
wheel,5/22/2017,35997.67
wheel,5/22/2017,36005.585
wheel,5/22/2017,36013.509999999995
wheel,5/22/2017,36021.555
wheel,5/22/2017,36029.34
wheel,5/22/2017,36037.21000000001
wheel,5/22/2017,36045.005000000005
wheel,5/22/2017,36052.755
wheel,5/22/2017,36060.775
wheel,5/22/2017,36084.555
wheel,5/22/2017,36092.520000000004
wheel,5/22/2017,36100.79
wheel,5/22/2017,36108.685000000005
wheel,5/22/2017,36116.715000000004
wheel,5/22/2017,36124.755000000005
wheel,5/22/2017,36132.415
wheel,5/22/2017,36143.32000000001
wheel,5/22/2017,36148.29
wheel,5/22/2017,36155.665
wheel,5/22/2017,36164.125
wheel,5/22/2017,36171.46000000001
wheel,5/22/2017,36179.53
wheel,5/22/2017,36187.125
wheel,5/22/2017,36195.13
wheel,5/22/2017,36202.905
wheel,5/22/2017,36210.94500000001
wheel,5/22/2017,36218.82
wheel,5/22/2017,36226.64000000001
wheel,5/22/2017,36234.735
wheel,5/22/2017,36242.915
wheel,5/22/2017,36250.545000000006
wheel,5/22/2017,36258.43
wheel,5/22/2017,36266.3
wheel,5/22/2017,36274.13
wheel,5/22/2017,36282.08500000001
wheel,5/22/2017,36289.895000000004
wheel,5/22/2017,36297.96000000001
wheel,5/22/2017,36305.61
wheel,5/22/2017,36314.47
wheel,5/22/2017,36321.515
wheel,5/22/2017,36329.96
wheel,5/22/2017,36337.745
wheel,5/22/2017,36345.78
wheel,5/22/2017,36353.615
wheel,5/22/2017,36361.83
wheel,5/22/2017,36369.675
wheel,5/22/2017,36377.58500000001
wheel,5/22/2017,36385.615000000005
wheel,5/22/2017,36393.28
wheel,5/22/2017,36401.475
wheel,5/22/2017,36410.14
wheel,5/22/2017,36417.090000000004
wheel,5/22/2017,36425.175
wheel,5/22/2017,36432.725
wheel,5/22/2017,36440.36
wheel,5/22/2017,36448.76
wheel,5/22/2017,36456.33
wheel,5/22/2017,36464.58
wheel,5/22/2017,36474.845
wheel,5/22/2017,36480.395000000004
wheel,5/22/2017,36490.655
wheel,5/22/2017,36496.125
wheel,5/22/2017,36503.685
wheel,5/22/2017,36511.655
wheel,5/22/2017,36519.565
wheel,5/22/2017,36527.340000000004
wheel,5/22/2017,36535.39
wheel,5/22/2017,36542.965000000004
wheel,5/22/2017,36550.885
wheel,5/22/2017,36558.875
wheel,5/22/2017,36566.8
wheel,5/22/2017,36574.965
wheel,5/22/2017,36582.94500000001
wheel,5/22/2017,36590.645000000004
wheel,5/22/2017,36598.565
wheel,5/22/2017,36606.520000000004
wheel,5/22/2017,36614.74
wheel,5/22/2017,36622.450000000004
wheel,5/22/2017,36630.39
wheel,5/22/2017,36638.19
wheel,5/22/2017,36646.090000000004
wheel,5/22/2017,36654.045
wheel,5/22/2017,36662.3
wheel,5/22/2017,36669.99
wheel,5/22/2017,36678.060000000005
wheel,5/22/2017,36685.81
wheel,5/22/2017,36693.885
wheel,5/22/2017,36701.885
wheel,5/22/2017,36710.05
wheel,5/22/2017,36717.100000000006
wheel,5/22/2017,36724.89000000001
wheel,5/22/2017,36732.6
wheel,5/22/2017,36740.415
wheel,5/22/2017,36748.515
wheel,5/22/2017,36756.365000000005
wheel,5/22/2017,36764.37
wheel,5/22/2017,36772.11
wheel,5/22/2017,36780.17
wheel,5/22/2017,36787.880000000005
wheel,5/22/2017,36796.055
wheel,5/22/2017,36819.685
wheel,5/22/2017,36827.615000000005
wheel,5/22/2017,36835.920000000006
wheel,5/22/2017,36843.66
wheel,5/22/2017,36851.74
wheel,5/22/2017,36859.975
wheel,5/22/2017,36867.645000000004
wheel,5/22/2017,36875.805
wheel,5/22/2017,36883.740000000005
wheel,5/22/2017,36891.26
wheel,5/22/2017,36899.39
wheel,5/22/2017,36906.975000000006
wheel,5/22/2017,36915.08
wheel,5/22/2017,36922.950000000004
wheel,5/22/2017,36933.67
wheel,5/22/2017,36938.65
wheel,5/22/2017,36946.875
wheel,5/22/2017,36954.520000000004
wheel,5/22/2017,36965.155000000006
wheel,5/22/2017,36970.21
wheel,5/22/2017,36980.985
wheel,5/22/2017,36985.43
wheel,5/22/2017,36993.355
wheel,5/22/2017,37001.115
wheel,5/22/2017,37009.355
wheel,5/22/2017,37034.665
wheel,5/22/2017,37051.255
wheel,5/22/2017,37067.29
wheel,5/22/2017,37084.3
wheel,5/22/2017,37101.29
wheel,5/22/2017,37117.98
wheel,5/22/2017,37134.155
wheel,5/22/2017,37150.92
wheel,5/22/2017,37167.43000000001
wheel,5/22/2017,37184.715
wheel,5/22/2017,37201.41
wheel,5/22/2017,37217.965000000004
wheel,5/22/2017,37234.975
wheel,5/22/2017,37250.67
pointermove,5/22/2017,37283.005000000005
mousemove,5/22/2017,37281.655
pointerout,5/22/2017,37299.21000000001
pointerover,5/22/2017,37299.340000000004
mouseout,5/22/2017,37298.39
mouseover,5/22/2017,37298.39
pointermove,5/22/2017,37299.205
mousemove,5/22/2017,37298.39
pointermove,5/22/2017,37316.125
mousemove,5/22/2017,37315.325000000004
pointermove,5/22/2017,37333.27
mousemove,5/22/2017,37332.475000000006
pointermove,5/22/2017,37350.91
mousemove,5/22/2017,37349.815
pointermove,5/22/2017,37368.025
mousemove,5/22/2017,37366.880000000005
pointermove,5/22/2017,37384.995
mousemove,5/22/2017,37384.14000000001
pointerout,5/22/2017,37402.755
pointerover,5/22/2017,37402.895000000004
mouseout,5/22/2017,37401.965
mouseover,5/22/2017,37401.965
pointermove,5/22/2017,37402.75
mousemove,5/22/2017,37401.965
pointerout,5/22/2017,37419.415
pointerover,5/22/2017,37419.57
mouseout,5/22/2017,37418.675
mouseover,5/22/2017,37418.675
pointermove,5/22/2017,37419.41
mousemove,5/22/2017,37418.675
pointerout,5/22/2017,37436.38
pointerover,5/22/2017,37436.51
mouseout,5/22/2017,37435.61
mouseover,5/22/2017,37435.61
pointermove,5/22/2017,37436.38
mousemove,5/22/2017,37435.61
pointermove,5/22/2017,37453.39
mousemove,5/22/2017,37452.61
pointerout,5/22/2017,37470.54
mouseout,5/22/2017,37469.65
pointerover,5/22/2017,37693.905
mouseover,5/22/2017,37693.18
pointermove,5/22/2017,37693.905
mousemove,5/22/2017,37693.18
pointermove,5/22/2017,37694.240000000005
mousemove,5/22/2017,37693.08500000001
pointerout,5/22/2017,37710.78
pointerover,5/22/2017,37710.915
mouseout,5/22/2017,37710.1
mouseover,5/22/2017,37710.1
pointermove,5/22/2017,37710.775
mousemove,5/22/2017,37710.1
pointerout,5/22/2017,37728.145
pointerover,5/22/2017,37728.270000000004
mouseout,5/22/2017,37727.200000000004
mouseover,5/22/2017,37727.200000000004
pointermove,5/22/2017,37728.145
mousemove,5/22/2017,37727.200000000004
pointerout,5/22/2017,37745.345
pointerover,5/22/2017,37745.530000000006
mouseout,5/22/2017,37744.05500000001
mouseover,5/22/2017,37744.05500000001
pointermove,5/22/2017,37745.345
mousemove,5/22/2017,37744.05500000001
pointerout,5/22/2017,37762.57
pointerover,5/22/2017,37762.770000000004
mouseout,5/22/2017,37761.46
mouseover,5/22/2017,37761.46
pointermove,5/22/2017,37762.565
mousemove,5/22/2017,37761.46
pointermove,5/22/2017,37779.415
mousemove,5/22/2017,37778.615000000005
pointermove,5/22/2017,37796.74
mousemove,5/22/2017,37795.285
pointermove,5/22/2017,37812.975000000006
mousemove,5/22/2017,37812.01
pointermove,5/22/2017,37829.875
mousemove,5/22/2017,37829.075000000004
pointermove,5/22/2017,37847.06
mousemove,5/22/2017,37846.22
pointermove,5/22/2017,37864.759999999995
mousemove,5/22/2017,37863.945
pointermove,5/22/2017,37882.420000000006
mousemove,5/22/2017,37881.36
pointermove,5/22/2017,37970.725000000006
mousemove,5/22/2017,37969.345
pointermove,5/22/2017,37986.98
mousemove,5/22/2017,37986.045
pointermove,5/22/2017,38004.205
mousemove,5/22/2017,38003.12
pointermove,5/22/2017,38021.325
mousemove,5/22/2017,38020.255
pointermove,5/22/2017,38038.68
mousemove,5/22/2017,38037.6
pointerout,5/22/2017,38056.565
pointerover,5/22/2017,38056.75
mouseout,5/22/2017,38055.19
mouseover,5/22/2017,38055.19
pointermove,5/22/2017,38056.56
mousemove,5/22/2017,38055.19
pointermove,5/22/2017,38073.549999999996
mousemove,5/22/2017,38072.14
pointermove,5/22/2017,38090.649999999994
mousemove,5/22/2017,38089.48
pointermove,5/22/2017,38106.79
mousemove,5/22/2017,38106.130000000005
pointerdown,5/22/2017,38294.44
mousedown,5/22/2017,38293.255000000005
pointerup,5/22/2017,38382.465000000004
mouseup,5/22/2017,38380.295
